"Sex","Pclass","PassengerId","Survived","Age","SibSp","Parch","Fare","title_Mr","title_Mrs","title_Miss","title_Master","title_Royalty","title_Officer","Embarked_C","Embarked_S","Embarked_Q"
0,1,306,1,0.92,1,2,151.55,0,0,0,1,0,0,0,1,0
0,1,803,1,11,1,2,120,0,0,0,1,0,0,0,1,0
0,1,446,1,4,0,2,81.8583,0,0,0,1,0,0,0,1,0
0,1,551,1,17,0,2,110.8833,1,0,0,0,0,0,1,0,0
0,1,264,0,40,0,0,0,1,0,0,0,0,0,0,1,0
0,1,24,1,28,0,0,35.5,1,0,0,0,0,0,0,1,0
0,1,749,0,19,1,0,53.1,1,0,0,0,0,0,0,1,0
0,1,63,0,45,1,0,83.475,1,0,0,0,0,0,0,1,0
0,1,225,1,38,1,0,90,1,0,0,0,0,0,0,1,0
0,1,463,0,47,0,0,38.5,1,0,0,0,0,0,0,1,0
0,1,790,0,46,0,0,79.2,1,0,0,0,0,0,1,0,0
0,1,454,1,49,1,0,89.1042,1,0,0,0,0,0,1,0,0
0,1,103,0,21,0,1,77.2875,1,0,0,0,0,0,0,1,0
0,1,794,0,41.5,0,0,30.6958,1,0,0,0,0,0,1,0,0
0,1,682,1,27,0,0,76.7292,1,0,0,0,0,0,1,0,0
0,1,340,0,45,0,0,35.5,1,0,0,0,0,0,0,1,0
0,1,140,0,24,0,0,79.2,1,0,0,0,0,0,1,0,0
0,1,588,1,60,1,1,79.2,1,0,0,0,0,0,1,0,0
0,1,263,0,52,1,1,79.65,1,0,0,0,0,0,0,1,0
0,1,868,0,31,0,0,50.4958,1,0,0,0,0,0,0,1,0
0,1,36,0,42,1,0,52,1,0,0,0,0,0,0,1,0
0,1,516,0,47,0,0,34.0208,1,0,0,0,0,0,0,1,0
0,1,493,0,55,0,0,30.5,1,0,0,0,0,0,0,1,0
0,1,374,0,22,0,0,135.6333,1,0,0,0,0,0,1,0,0
0,1,680,1,36,0,1,512.3292,1,0,0,0,0,0,1,0,0
0,1,7,0,54,0,0,51.8625,1,0,0,0,0,0,0,1,0
0,1,468,0,56,0,0,26.55,1,0,0,0,0,0,0,1,0
0,1,488,0,58,0,0,29.7,1,0,0,0,0,0,1,0,0
0,1,171,0,61,0,0,33.5,1,0,0,0,0,0,0,1,0
0,1,98,1,23,0,1,63.3583,1,0,0,0,0,0,1,0,0
0,1,708,1,42,0,0,26.2875,1,0,0,0,0,0,0,1,0
0,1,28,0,19,3,2,263,1,0,0,0,0,0,0,1,0
0,1,506,0,18,1,0,108.9,1,0,0,0,0,0,1,0,0
0,1,702,1,35,0,0,26.2875,1,0,0,0,0,0,0,1,0
0,1,546,0,64,0,0,26,1,0,0,0,0,0,0,1,0
0,1,461,1,48,0,0,26.55,1,0,0,0,0,0,0,1,0
0,1,584,0,36,0,0,40.125,1,0,0,0,0,0,1,0,0
0,1,558,0,41.5,0,0,227.525,1,0,0,0,0,0,1,0,0
0,1,508,1,41.5,0,0,26.55,1,0,0,0,0,0,0,1,0
0,1,494,0,71,0,0,49.5042,1,0,0,0,0,0,1,0,0
0,1,332,0,45.5,0,0,28.5,1,0,0,0,0,0,0,1,0
0,1,556,0,62,0,0,26.55,1,0,0,0,0,0,0,1,0
0,1,274,0,37,0,1,29.7,1,0,0,0,0,0,1,0,0
0,1,125,0,54,0,1,77.2875,1,0,0,0,0,0,0,1,0
0,1,285,0,41.5,0,0,26,1,0,0,0,0,0,0,1,0
0,1,545,0,50,1,0,106.425,1,0,0,0,0,0,1,0,0
0,1,253,0,62,0,0,26.55,1,0,0,0,0,0,0,1,0
0,1,626,0,61,0,0,32.3208,1,0,0,0,0,0,0,1,0
0,1,249,1,37,1,1,52.5542,1,0,0,0,0,0,0,1,0
0,1,622,1,42,1,0,52.5542,1,0,0,0,0,0,0,1,0
0,1,378,0,27,0,2,211.5,1,0,0,0,0,0,1,0,0
0,1,138,0,37,1,0,53.1,1,0,0,0,0,0,0,1,0
0,1,439,0,64,1,4,263,1,0,0,0,0,0,0,1,0
0,1,603,0,41.5,0,0,42.4,1,0,0,0,0,0,0,1,0
0,1,97,0,71,0,0,34.6542,1,0,0,0,0,0,1,0,0
0,1,513,1,36,0,0,26.2875,1,0,0,0,0,0,0,1,0
0,1,431,1,28,0,0,26.55,1,0,0,0,0,0,0,1,0
0,1,634,0,41.5,0,0,0,1,0,0,0,0,0,0,1,0
0,1,352,0,41.5,0,0,35,1,0,0,0,0,0,0,1,0
0,1,435,0,50,1,0,55.9,1,0,0,0,0,0,0,1,0
0,1,691,1,31,1,0,57,1,0,0,0,0,0,0,1,0
0,1,371,1,25,1,0,55.4417,1,0,0,0,0,0,1,0,0
0,1,111,0,47,0,0,52,1,0,0,0,0,0,0,1,0
0,1,858,1,51,0,0,26.55,1,0,0,0,0,0,0,1,0
0,1,873,0,33,0,0,5,1,0,0,0,0,0,0,1,0
0,1,485,1,25,1,0,91.0792,1,0,0,0,0,0,1,0,0
0,1,890,1,26,0,0,30,1,0,0,0,0,0,1,0,0
0,1,84,0,28,0,0,47.1,1,0,0,0,0,0,0,1,0
0,1,663,0,47,0,0,25.5875,1,0,0,0,0,0,0,1,0
0,1,56,1,41.5,0,0,35.5,1,0,0,0,0,0,0,1,0
0,1,35,0,28,1,0,82.1708,1,0,0,0,0,0,1,0,0
0,1,296,0,41.5,0,0,27.7208,1,0,0,0,0,0,1,0,0
0,1,55,0,65,0,1,61.9792,1,0,0,0,0,0,1,0,0
0,1,175,0,56,0,0,30.6958,1,0,0,0,0,0,1,0,0
0,1,660,0,58,0,2,113.275,1,0,0,0,0,0,1,0,0
0,1,783,0,29,0,0,30,1,0,0,0,0,0,0,1,0
0,1,299,1,41.5,0,0,30.5,1,0,0,0,0,0,0,1,0
0,1,742,0,36,1,0,78.85,1,0,0,0,0,0,0,1,0
0,1,476,0,41.5,0,0,52,1,0,0,0,0,0,0,1,0
0,1,448,1,34,0,0,26.55,1,0,0,0,0,0,0,1,0
0,1,119,0,24,0,1,247.5208,1,0,0,0,0,0,1,0,0
0,1,672,0,31,1,0,52,1,0,0,0,0,0,0,1,0
0,1,271,0,41.5,0,0,31,1,0,0,0,0,0,0,1,0
0,1,188,1,45,0,0,26.55,1,0,0,0,0,0,0,1,0
0,1,391,1,36,1,2,120,1,0,0,0,0,0,0,1,0
0,1,807,0,39,0,0,0,1,0,0,0,0,0,0,1,0
0,1,528,0,41.5,0,0,221.7792,1,0,0,0,0,0,0,1,0
0,1,738,1,35,0,0,512.3292,1,0,0,0,0,0,1,0,0
0,1,608,1,27,0,0,30.5,1,0,0,0,0,0,0,1,0
0,1,453,0,30,0,0,27.75,1,0,0,0,0,0,1,0,0
0,1,699,0,49,1,1,110.8833,1,0,0,0,0,0,1,0,0
0,1,156,0,51,0,1,61.3792,1,0,0,0,0,0,1,0,0
0,1,840,1,41.5,0,0,29.7,1,0,0,0,0,0,1,0,0
0,1,337,0,29,1,0,66.6,1,0,0,0,0,0,0,1,0
0,1,741,1,41.5,0,0,30,1,0,0,0,0,0,0,1,0
0,1,457,0,65,0,0,26.55,1,0,0,0,0,0,0,1,0
0,1,631,1,80,0,0,30,1,0,0,0,0,0,0,1,0
0,1,605,1,35,0,0,26.55,1,0,0,0,0,0,1,0,0
0,1,713,1,48,1,0,52,1,0,0,0,0,0,0,1,0
0,1,725,1,27,1,0,53.1,1,0,0,0,0,0,0,1,0
0,1,333,0,38,0,1,153.4625,1,0,0,0,0,0,0,1,0
0,1,210,1,40,0,0,31,1,0,0,0,0,0,1,0,0
0,1,93,0,46,1,0,61.175,1,0,0,0,0,0,0,1,0
0,1,65,0,41.5,0,0,27.7208,1,0,0,0,0,0,1,0,0
0,1,646,1,48,1,0,76.7292,1,0,0,0,0,0,1,0,0
0,1,712,0,41.5,0,0,26.55,1,0,0,0,0,0,0,1,0
0,1,816,0,41.5,0,0,0,1,0,0,0,0,0,0,1,0
0,1,186,0,41.5,0,0,50,1,0,0,0,0,0,0,1,0
0,1,573,1,36,0,0,26.3875,1,0,0,0,0,0,0,1,0
0,1,169,0,41.5,0,0,25.925,1,0,0,0,0,0,0,1,0
0,1,633,1,32,0,0,30.5,0,0,0,0,0,1,1,0,0
0,1,746,0,70,1,1,71,0,0,0,0,0,1,0,1,0
0,1,537,0,45,0,0,26.55,0,0,0,0,0,1,0,1,0
0,1,648,1,56,0,0,35.5,0,0,0,0,0,1,1,0,0
0,1,695,0,60,0,0,26.55,0,0,0,0,0,1,0,1,0
0,1,246,0,44,2,0,90,0,0,0,0,0,1,0,0,1
0,1,450,1,52,0,0,30.5,0,0,0,0,0,1,0,1,0
0,1,767,0,52,0,0,39.6,0,0,0,0,0,1,1,0,0
0,1,661,1,50,2,0,133.65,0,0,0,0,0,1,0,1,0
0,1,600,1,49,1,0,56.9292,0,0,0,0,1,0,1,0,0
0,1,823,0,38,0,0,0,0,0,0,0,1,0,0,1,0
0,1,31,0,40,0,0,27.7208,0,0,0,0,1,0,1,0,0
0,2,756,1,0.67,1,1,14.5,0,0,0,1,0,0,0,1,0
0,2,79,1,0.83,0,2,29,0,0,0,1,0,0,0,1,0
0,2,832,1,0.83,1,1,18.75,0,0,0,1,0,0,0,1,0
0,2,408,1,3,1,1,18.75,0,0,0,1,0,0,0,1,0
0,2,194,1,3,1,1,26,0,0,0,1,0,0,0,1,0
0,2,550,1,8,1,1,36.75,0,0,0,1,0,0,0,1,0
0,2,184,1,1,2,1,39,0,0,0,1,0,0,0,1,0
0,2,828,1,1,0,2,37.0042,0,0,0,1,0,0,1,0,0
0,2,341,1,2,1,1,26,0,0,0,1,0,0,0,1,0
0,2,118,0,29,1,0,21,1,0,0,0,0,0,0,1,0
0,2,666,0,32,2,0,73.5,1,0,0,0,0,0,0,1,0
0,2,222,0,27,0,0,13,1,0,0,0,0,0,0,1,0
0,2,146,0,19,1,1,36.75,1,0,0,0,0,0,0,1,0
0,2,724,0,50,0,0,13,1,0,0,0,0,0,0,1,0
0,2,344,0,25,0,0,13,1,0,0,0,0,0,0,1,0
0,2,587,0,47,0,0,15,1,0,0,0,0,0,0,1,0
0,2,278,0,30,0,0,0,1,0,0,0,0,0,0,1,0
0,2,842,0,16,0,0,10.5,1,0,0,0,0,0,0,1,0
0,2,343,0,28,0,0,13,1,0,0,0,0,0,0,1,0
0,2,73,0,21,0,0,73.5,1,0,0,0,0,0,0,1,0
0,2,239,0,19,0,0,10.5,1,0,0,0,0,0,0,1,0
0,2,233,0,59,0,0,13.5,1,0,0,0,0,0,0,1,0
0,2,235,0,24,0,0,10.5,1,0,0,0,0,0,0,1,0
0,2,544,1,32,1,0,26,1,0,0,0,0,0,0,1,0
0,2,464,0,48,0,0,13,1,0,0,0,0,0,0,1,0
0,2,266,0,36,0,0,10.5,1,0,0,0,0,0,0,1,0
0,2,548,1,30,0,0,13.8625,1,0,0,0,0,0,1,0,0
0,2,345,0,36,0,0,13,1,0,0,0,0,0,0,1,0
0,2,733,0,30,0,0,0,1,0,0,0,0,0,0,1,0
0,2,440,0,31,0,0,10.5,1,0,0,0,0,0,0,1,0
0,2,467,0,30,0,0,0,1,0,0,0,0,0,0,1,0
0,2,735,0,23,0,0,13,1,0,0,0,0,0,0,1,0
0,2,758,0,18,0,0,11.5,1,0,0,0,0,0,0,1,0
0,2,638,0,31,1,1,26.25,1,0,0,0,0,0,0,1,0
0,2,218,0,42,1,0,27,1,0,0,0,0,0,0,1,0
0,2,123,0,32.5,1,0,30.0708,1,0,0,0,0,0,1,0,0
0,2,100,0,34,1,0,26,1,0,0,0,0,0,0,1,0
0,2,220,0,30,0,0,10.5,1,0,0,0,0,0,0,1,0
0,2,179,0,30,0,0,13,1,0,0,0,0,0,0,1,0
0,2,723,0,34,0,0,13,1,0,0,0,0,0,0,1,0
0,2,386,0,18,0,0,73.5,1,0,0,0,0,0,0,1,0
0,2,686,0,25,1,2,41.5792,1,0,0,0,0,0,1,0,0
0,2,229,0,18,0,0,13,1,0,0,0,0,0,0,1,0
0,2,673,0,70,0,0,10.5,1,0,0,0,0,0,0,1,0
0,2,149,0,36.5,0,2,26,1,0,0,0,0,0,0,1,0
0,2,801,0,34,0,0,13,1,0,0,0,0,0,0,1,0
0,2,22,1,34,0,0,13,1,0,0,0,0,0,0,1,0
0,2,884,0,28,0,0,10.5,1,0,0,0,0,0,0,1,0
0,2,362,0,29,1,0,27.7208,1,0,0,0,0,0,1,0,0
0,2,145,0,18,0,0,11.5,1,0,0,0,0,0,0,1,0
0,2,121,0,21,2,0,73.5,1,0,0,0,0,0,0,1,0
0,2,243,0,29,0,0,10.5,1,0,0,0,0,0,0,1,0
0,2,675,0,30,0,0,0,1,0,0,0,0,0,0,1,0
0,2,406,0,34,1,0,21,1,0,0,0,0,0,0,1,0
0,2,583,0,54,0,0,26,1,0,0,0,0,0,0,1,0
0,2,530,0,23,2,1,11.5,1,0,0,0,0,0,0,1,0
0,2,289,1,42,0,0,13,1,0,0,0,0,0,0,1,0
0,2,237,0,44,1,0,26,1,0,0,0,0,0,0,1,0
0,2,414,0,30,0,0,0,1,0,0,0,0,0,0,1,0
0,2,293,0,36,0,0,12.875,1,0,0,0,0,0,1,0,0
0,2,659,0,23,0,0,13,1,0,0,0,0,0,0,1,0
0,2,620,0,26,0,0,10.5,1,0,0,0,0,0,0,1,0
0,2,136,0,23,0,0,15.0458,1,0,0,0,0,0,1,0,0
0,2,135,0,25,0,0,13,1,0,0,0,0,0,0,1,0
0,2,595,0,37,1,0,26,1,0,0,0,0,0,0,1,0
0,2,18,1,30,0,0,13,1,0,0,0,0,0,0,1,0
0,2,477,0,34,1,0,21,1,0,0,0,0,0,0,1,0
0,2,182,0,30,0,0,15.05,1,0,0,0,0,0,1,0,0
0,2,792,0,16,0,0,26,1,0,0,0,0,0,0,1,0
0,2,685,0,60,1,1,39,1,0,0,0,0,0,0,1,0
0,2,309,0,30,1,0,24,1,0,0,0,0,0,1,0,0
0,2,674,1,31,0,0,13,1,0,0,0,0,0,0,1,0
0,2,715,0,52,0,0,13,1,0,0,0,0,0,0,1,0
0,2,71,0,32,0,0,10.5,1,0,0,0,0,0,0,1,0
0,2,315,0,43,1,1,26.25,1,0,0,0,0,0,0,1,0
0,2,571,1,62,0,0,10.5,1,0,0,0,0,0,0,1,0
0,2,398,0,46,0,0,26,1,0,0,0,0,0,0,1,0
0,2,729,0,25,1,0,26,1,0,0,0,0,0,0,1,0
0,2,813,0,35,0,0,10.5,1,0,0,0,0,0,0,1,0
0,2,706,0,39,0,0,26,1,0,0,0,0,0,0,1,0
0,2,656,0,24,2,0,73.5,1,0,0,0,0,0,0,1,0
0,2,214,0,30,0,0,13,1,0,0,0,0,0,0,1,0
0,2,563,0,28,0,0,13.5,1,0,0,0,0,0,0,1,0
0,2,862,0,21,1,0,11.5,1,0,0,0,0,0,0,1,0
0,2,796,0,39,0,0,13,1,0,0,0,0,0,0,1,0
0,2,865,0,24,0,0,13,1,0,0,0,0,0,0,1,0
0,2,192,0,19,0,0,13,1,0,0,0,0,0,0,1,0
0,2,240,0,33,0,0,12.275,1,0,0,0,0,0,0,1,0
0,2,21,0,35,0,0,26,1,0,0,0,0,0,0,1,0
0,2,227,1,19,0,0,10.5,1,0,0,0,0,0,0,1,0
0,2,451,0,36,1,2,27.75,1,0,0,0,0,0,0,1,0
0,2,809,0,39,0,0,13,1,0,0,0,0,0,0,1,0
0,2,419,0,30,0,0,13,1,0,0,0,0,0,0,1,0
0,2,34,0,66,0,0,10.5,1,0,0,0,0,0,0,1,0
0,2,734,0,23,0,0,13,1,0,0,0,0,0,0,1,0
0,2,667,0,25,0,0,13,1,0,0,0,0,0,0,1,0
0,2,696,0,52,0,0,13.5,1,0,0,0,0,0,0,1,0
0,2,482,0,30,0,0,0,1,0,0,0,0,0,0,1,0
0,2,818,0,31,1,1,37.0042,1,0,0,0,0,0,1,0,0
0,2,552,0,27,0,0,26,1,0,0,0,0,0,0,1,0
0,2,887,0,27,0,0,13,0,0,0,0,0,1,0,1,0
0,2,399,0,23,0,0,10.5,0,0,0,0,0,1,0,1,0
0,2,150,0,42,0,0,13,0,0,0,0,0,1,0,1,0
0,2,151,0,51,0,0,12.525,0,0,0,0,0,1,0,1,0
0,2,849,0,28,0,1,33,0,0,0,0,0,1,0,1,0
0,2,627,0,57,0,0,12.35,0,0,0,0,0,1,0,0,1
0,2,318,0,54,0,0,14,0,0,0,0,0,1,0,1,0
0,2,250,0,54,1,0,26,0,0,0,0,0,1,0,1,0
0,3,64,0,4,3,2,27.9,0,0,0,1,0,0,0,1,0
0,3,870,1,4,1,1,11.1333,0,0,0,1,0,0,0,1,0
0,3,8,0,2,3,1,21.075,0,0,0,1,0,0,0,1,0
0,3,17,0,2,4,1,29.125,0,0,0,1,0,0,0,0,1
0,3,262,1,3,4,2,31.3875,0,0,0,1,0,0,0,1,0
0,3,789,1,1,1,2,20.575,0,0,0,1,0,0,0,1,0
0,3,788,0,8,4,1,29.125,0,0,0,1,0,0,0,0,1
0,3,183,0,9,4,2,31.3875,0,0,0,1,0,0,0,1,0
0,3,166,1,9,0,2,20.525,0,0,0,1,0,0,0,1,0
0,3,387,0,1,5,2,46.9,0,0,0,1,0,0,0,1,0
0,3,60,0,11,5,2,46.9,0,0,0,1,0,0,0,1,0
0,3,804,1,0.42,0,1,8.5167,0,0,0,1,0,0,1,0,0
0,3,710,1,6,1,1,15.2458,0,0,0,1,0,0,1,0,0
0,3,490,1,9,1,1,15.9,0,0,0,1,0,0,0,1,0
0,3,172,0,4,4,1,29.125,0,0,0,1,0,0,0,0,1
0,3,177,0,6,3,1,25.4667,0,0,0,1,0,0,0,1,0
0,3,160,0,6,8,2,69.55,0,0,0,1,0,0,0,1,0
0,3,820,0,10,3,2,27.9,0,0,0,1,0,0,0,1,0
0,3,165,0,1,4,1,39.6875,0,0,0,1,0,0,0,1,0
0,3,851,0,4,4,2,31.275,0,0,0,1,0,0,0,1,0
0,3,481,0,9,5,2,46.9,0,0,0,1,0,0,0,1,0
0,3,825,0,2,4,1,39.6875,0,0,0,1,0,0,0,1,0
0,3,126,1,12,1,0,11.2417,0,0,0,1,0,0,1,0,0
0,3,66,1,6,1,1,15.2458,0,0,0,1,0,0,1,0,0
0,3,752,1,6,0,1,12.475,0,0,0,1,0,0,0,1,0
0,3,279,0,7,4,1,29.125,0,0,0,1,0,0,0,0,1
0,3,349,1,3,1,1,15.9,0,0,0,1,0,0,0,1,0
0,3,51,0,7,4,1,39.6875,0,0,0,1,0,0,0,1,0
0,3,1,0,22,1,0,7.25,1,0,0,0,0,0,0,1,0
0,3,366,0,30,0,0,7.25,1,0,0,0,0,0,0,1,0
0,3,852,0,74,0,0,7.775,1,0,0,0,0,0,0,1,0
0,3,732,0,11,0,0,18.7875,1,0,0,0,0,0,1,0,0
0,3,5,0,35,0,0,8.05,1,0,0,0,0,0,0,1,0
0,3,6,0,26,0,0,8.4583,1,0,0,0,0,0,0,0,1
0,3,128,1,24,0,0,7.1417,1,0,0,0,0,0,0,1,0
0,3,372,0,18,1,0,6.4958,1,0,0,0,0,0,0,1,0
0,3,373,0,19,0,0,8.05,1,0,0,0,0,0,0,1,0
0,3,739,0,26,0,0,7.8958,1,0,0,0,0,0,0,1,0
0,3,740,0,26,0,0,7.8958,1,0,0,0,0,0,0,1,0
0,3,13,0,20,0,0,8.05,1,0,0,0,0,0,0,1,0
0,3,14,0,39,1,5,31.275,1,0,0,0,0,0,0,1,0
0,3,379,0,20,0,0,4.0125,1,0,0,0,0,0,1,0,0
0,3,380,0,19,0,0,7.775,1,0,0,0,0,0,0,1,0
0,3,745,1,31,0,0,7.925,1,0,0,0,0,0,0,1,0
0,3,139,0,16,0,0,9.2167,1,0,0,0,0,0,0,1,0
0,3,383,0,32,0,0,7.925,1,0,0,0,0,0,0,1,0
0,3,869,0,26,0,0,9.5,1,0,0,0,0,0,0,1,0
0,3,385,0,26,0,0,7.8958,1,0,0,0,0,0,0,1,0
0,3,750,0,31,0,0,7.75,1,0,0,0,0,0,0,0,1
0,3,509,0,28,0,0,22.525,1,0,0,0,0,0,0,1,0
0,3,389,0,26,0,0,7.7292,1,0,0,0,0,0,0,0,1
0,3,754,0,23,0,0,7.8958,1,0,0,0,0,0,0,1,0
0,3,27,0,26,0,0,7.225,1,0,0,0,0,0,1,0,0
0,3,392,1,21,0,0,7.7958,1,0,0,0,0,0,0,1,0
0,3,393,0,28,2,0,7.925,1,0,0,0,0,0,0,1,0
0,3,30,0,26,0,0,7.8958,1,0,0,0,0,0,0,1,0
0,3,759,0,34,0,0,8.05,1,0,0,0,0,0,0,1,0
0,3,396,0,22,0,0,7.7958,1,0,0,0,0,0,0,1,0
0,3,761,0,26,0,0,14.5,1,0,0,0,0,0,0,1,0
0,3,762,0,41,0,0,7.125,1,0,0,0,0,0,0,1,0
0,3,763,1,20,0,0,7.2292,1,0,0,0,0,0,1,0,0
0,3,885,0,25,0,0,7.05,1,0,0,0,0,0,0,1,0
0,3,37,1,26,0,0,7.2292,1,0,0,0,0,0,1,0,0
0,3,38,0,21,0,0,8.05,1,0,0,0,0,0,0,1,0
0,3,281,0,65,0,0,7.75,1,0,0,0,0,0,0,0,1
0,3,404,0,28,1,0,15.85,1,0,0,0,0,0,0,1,0
0,3,769,0,26,1,0,24.15,1,0,0,0,0,0,0,0,1
0,3,770,0,32,0,0,8.3625,1,0,0,0,0,0,0,1,0
0,3,43,0,26,0,0,7.8958,1,0,0,0,0,0,1,0,0
0,3,772,0,48,0,0,7.8542,1,0,0,0,0,0,0,1,0
0,3,409,0,21,0,0,7.775,1,0,0,0,0,0,0,1,0
0,3,46,0,26,0,0,8.05,1,0,0,0,0,0,0,1,0
0,3,47,0,26,1,0,15.5,1,0,0,0,0,0,0,0,1
0,3,412,0,26,0,0,6.8583,1,0,0,0,0,0,0,0,1
0,3,49,0,26,2,0,21.6792,1,0,0,0,0,0,1,0,0
0,3,777,0,26,0,0,7.75,1,0,0,0,0,0,0,0,1
0,3,415,1,44,0,0,7.925,1,0,0,0,0,0,0,1,0
0,3,52,0,21,0,0,7.8,1,0,0,0,0,0,0,1,0
0,3,784,0,26,1,2,23.45,1,0,0,0,0,0,0,1,0
0,3,421,0,26,0,0,7.8958,1,0,0,0,0,0,1,0,0
0,3,58,0,28.5,0,0,7.2292,1,0,0,0,0,0,1,0,0
0,3,423,0,29,0,0,7.875,1,0,0,0,0,0,0,1,0
0,3,61,0,22,0,0,7.2292,1,0,0,0,0,0,1,0,0
0,3,426,0,26,0,0,7.25,1,0,0,0,0,0,0,1,0
0,3,791,0,26,0,0,7.75,1,0,0,0,0,0,0,0,1
0,3,549,0,33,1,1,20.525,1,0,0,0,0,0,0,1,0
0,3,429,0,26,0,0,7.75,1,0,0,0,0,0,0,0,1
0,3,430,1,32,0,0,8.05,1,0,0,0,0,0,0,1,0
0,3,795,0,25,0,0,7.8958,1,0,0,0,0,0,0,1,0
0,3,68,0,19,0,0,8.1583,1,0,0,0,0,0,0,1,0
0,3,70,0,26,2,0,8.6625,1,0,0,0,0,0,0,1,0
0,3,799,0,30,0,0,7.2292,1,0,0,0,0,0,1,0,0
0,3,74,0,26,1,0,14.4542,1,0,0,0,0,0,1,0,0
0,3,75,1,32,0,0,56.4958,1,0,0,0,0,0,0,1,0
0,3,76,0,25,0,0,7.65,1,0,0,0,0,0,0,1,0
0,3,77,0,26,0,0,7.8958,1,0,0,0,0,0,0,1,0
0,3,78,0,26,0,0,8.05,1,0,0,0,0,0,0,1,0
0,3,443,0,25,1,0,7.775,1,0,0,0,0,0,0,1,0
0,3,201,0,28,0,0,9.5,1,0,0,0,0,0,0,1,0
0,3,81,0,22,0,0,9,1,0,0,0,0,0,0,1,0
0,3,82,1,29,0,0,9.5,1,0,0,0,0,0,0,1,0
0,3,811,0,26,0,0,7.8875,1,0,0,0,0,0,0,1,0
0,3,812,0,39,0,0,24.15,1,0,0,0,0,0,0,1,0
0,3,87,0,16,1,3,34.375,1,0,0,0,0,0,0,1,0
0,3,88,0,26,0,0,8.05,1,0,0,0,0,0,0,1,0
0,3,90,0,24,0,0,8.05,1,0,0,0,0,0,0,1,0
0,3,91,0,29,0,0,8.05,1,0,0,0,0,0,0,1,0
0,3,92,0,20,0,0,7.8542,1,0,0,0,0,0,0,1,0
0,3,94,0,26,1,2,20.575,1,0,0,0,0,0,0,1,0
0,3,95,0,59,0,0,7.25,1,0,0,0,0,0,0,1,0
0,3,96,0,26,0,0,8.05,1,0,0,0,0,0,0,1,0
0,3,462,0,34,0,0,8.05,1,0,0,0,0,0,0,1,0
0,3,827,0,26,0,0,56.4958,1,0,0,0,0,0,0,1,0
0,3,465,0,26,0,0,8.05,1,0,0,0,0,0,0,1,0
0,3,102,0,26,0,0,7.8958,1,0,0,0,0,0,0,1,0
0,3,104,0,33,0,0,8.6542,1,0,0,0,0,0,0,1,0
0,3,105,0,37,2,0,7.925,1,0,0,0,0,0,0,1,0
0,3,106,0,28,0,0,7.8958,1,0,0,0,0,0,0,1,0
0,3,471,0,26,0,0,7.25,1,0,0,0,0,0,0,1,0
0,3,108,1,26,0,0,7.775,1,0,0,0,0,0,0,1,0
0,3,109,0,38,0,0,7.8958,1,0,0,0,0,0,0,1,0
0,3,838,0,26,0,0,8.05,1,0,0,0,0,0,0,1,0
0,3,839,1,32,0,0,56.4958,1,0,0,0,0,0,0,1,0
0,3,113,0,22,0,0,8.05,1,0,0,0,0,0,0,1,0
0,3,478,0,29,1,0,7.0458,1,0,0,0,0,0,0,1,0
0,3,479,0,22,0,0,7.5208,1,0,0,0,0,0,0,1,0
0,3,116,0,21,0,0,7.925,1,0,0,0,0,0,0,1,0
0,3,117,0,70.5,0,0,7.75,1,0,0,0,0,0,0,0,1
0,3,846,0,42,0,0,7.55,1,0,0,0,0,0,0,1,0
0,3,483,0,50,0,0,8.05,1,0,0,0,0,0,0,1,0
0,3,848,0,35,0,0,7.8958,1,0,0,0,0,0,1,0,0
0,3,122,0,26,0,0,8.05,1,0,0,0,0,0,0,1,0
0,3,244,0,22,0,0,7.125,1,0,0,0,0,0,0,1,0
0,3,245,0,30,0,0,7.225,1,0,0,0,0,0,1,0,0
0,3,489,0,30,0,0,8.05,1,0,0,0,0,0,0,1,0
0,3,127,0,26,0,0,7.75,1,0,0,0,0,0,0,0,1
0,3,614,0,26,0,0,7.75,1,0,0,0,0,0,0,0,1
0,3,130,0,45,0,0,6.975,1,0,0,0,0,0,0,1,0
0,3,131,0,33,0,0,7.8958,1,0,0,0,0,0,1,0,0
0,3,132,0,20,0,0,7.05,1,0,0,0,0,0,0,1,0
0,3,861,0,41,2,0,14.1083,1,0,0,0,0,0,0,1,0
0,3,498,0,26,0,0,15.1,1,0,0,0,0,0,0,1,0
0,3,500,0,24,0,0,7.7958,1,0,0,0,0,0,0,1,0
0,3,501,0,17,0,0,8.6625,1,0,0,0,0,0,0,1,0
0,3,623,1,20,1,1,15.7417,1,0,0,0,0,0,1,0,0
0,3,624,0,21,0,0,7.8542,1,0,0,0,0,0,0,1,0
0,3,261,0,26,0,0,7.75,1,0,0,0,0,0,0,0,1
0,3,747,0,16,1,1,20.25,1,0,0,0,0,0,0,1,0
0,3,871,0,26,0,0,7.8958,1,0,0,0,0,0,0,1,0
0,3,144,0,19,0,0,6.75,1,0,0,0,0,0,0,0,1
0,3,630,0,26,0,0,7.7333,1,0,0,0,0,0,0,0,1
0,3,510,1,26,0,0,56.4958,1,0,0,0,0,0,0,1,0
0,3,147,1,27,0,0,7.7958,1,0,0,0,0,0,0,1,0
0,3,512,0,26,0,0,8.05,1,0,0,0,0,0,0,1,0
0,3,877,0,20,0,0,9.8458,1,0,0,0,0,0,0,1,0
0,3,878,0,19,0,0,7.8958,1,0,0,0,0,0,0,1,0
0,3,515,0,24,0,0,7.4958,1,0,0,0,0,0,0,1,0
0,3,637,0,32,0,0,7.925,1,0,0,0,0,0,0,1,0
0,3,153,0,55.5,0,0,8.05,1,0,0,0,0,0,0,1,0
0,3,154,0,40.5,0,2,14.5,1,0,0,0,0,0,0,1,0
0,3,155,0,26,0,0,7.3125,1,0,0,0,0,0,0,1,0
0,3,520,0,32,0,0,7.8958,1,0,0,0,0,0,0,1,0
0,3,158,0,30,0,0,8.05,1,0,0,0,0,0,0,1,0
0,3,159,0,26,0,0,8.6625,1,0,0,0,0,0,0,1,0
0,3,402,0,26,0,0,8.05,1,0,0,0,0,0,0,1,0
0,3,161,0,44,0,1,16.1,1,0,0,0,0,0,0,1,0
0,3,526,0,40.5,0,0,7.75,1,0,0,0,0,0,0,0,1
0,3,163,0,26,0,0,7.775,1,0,0,0,0,0,0,1,0
0,3,164,0,17,0,0,8.6625,1,0,0,0,0,0,0,1,0
0,3,529,0,39,0,0,7.925,1,0,0,0,0,0,0,1,0
0,3,532,0,26,0,0,7.2292,1,0,0,0,0,0,1,0,0
0,3,533,0,17,1,1,7.2292,1,0,0,0,0,0,1,0,0
0,3,170,0,28,0,0,56.4958,1,0,0,0,0,0,0,1,0
0,3,211,0,24,0,0,7.05,1,0,0,0,0,0,0,1,0
0,3,657,0,26,0,0,7.8958,1,0,0,0,0,0,0,1,0
0,3,174,0,21,0,0,7.925,1,0,0,0,0,0,0,1,0
0,3,539,0,26,0,0,14.5,1,0,0,0,0,0,0,1,0
0,3,176,0,18,1,1,7.8542,1,0,0,0,0,0,0,1,0
0,3,662,0,40,0,0,7.225,1,0,0,0,0,0,1,0,0
0,3,664,0,36,0,0,7.4958,1,0,0,0,0,0,0,1,0
0,3,180,0,36,0,0,0,1,0,0,0,0,0,0,1,0
0,3,303,0,19,0,0,0,1,0,0,0,0,0,0,1,0
0,3,668,0,26,0,0,7.775,1,0,0,0,0,0,0,1,0
0,3,305,0,26,0,0,8.05,1,0,0,0,0,0,0,1,0
0,3,669,0,43,0,0,8.05,1,0,0,0,0,0,0,1,0
0,3,189,0,40,1,1,15.5,1,0,0,0,0,0,0,0,1
0,3,190,0,36,0,0,7.8958,1,0,0,0,0,0,0,1,0
0,3,677,0,24.5,0,0,8.05,1,0,0,0,0,0,0,1,0
0,3,314,0,28,0,0,7.8958,1,0,0,0,0,0,0,1,0
0,3,197,0,26,0,0,7.75,1,0,0,0,0,0,0,0,1
0,3,198,0,42,0,1,8.4042,1,0,0,0,0,0,0,1,0
0,3,564,0,26,0,0,8.05,1,0,0,0,0,0,0,1,0
0,3,322,0,27,0,0,7.8958,1,0,0,0,0,0,0,1,0
0,3,202,0,26,8,2,69.55,1,0,0,0,0,0,0,1,0
0,3,203,0,34,0,0,6.4958,1,0,0,0,0,0,0,1,0
0,3,204,0,45.5,0,0,7.225,1,0,0,0,0,0,1,0,0
0,3,205,1,18,0,0,8.05,1,0,0,0,0,0,0,1,0
0,3,570,1,32,0,0,7.8542,1,0,0,0,0,0,0,1,0
0,3,207,0,32,1,0,15.85,1,0,0,0,0,0,0,1,0
0,3,208,1,26,0,0,18.7875,1,0,0,0,0,0,1,0,0
0,3,251,0,26,0,0,7.25,1,0,0,0,0,0,0,1,0
0,3,576,0,19,0,0,14.5,1,0,0,0,0,0,0,1,0
0,3,213,0,22,0,0,7.25,1,0,0,0,0,0,0,1,0
0,3,456,1,29,0,0,7.8958,1,0,0,0,0,0,1,0,0
0,3,215,0,26,1,0,7.75,1,0,0,0,0,0,0,0,1
0,3,580,1,32,0,0,7.925,1,0,0,0,0,0,0,1,0
0,3,339,1,45,0,0,8.05,1,0,0,0,0,0,0,1,0
0,3,704,0,25,0,0,7.7417,1,0,0,0,0,0,0,0,1
0,3,221,1,16,0,0,8.05,1,0,0,0,0,0,0,1,0
0,3,223,0,51,0,0,8.05,1,0,0,0,0,0,0,1,0
0,3,224,0,26,0,0,7.8958,1,0,0,0,0,0,0,1,0
0,3,589,0,22,0,0,8.05,1,0,0,0,0,0,0,1,0
0,3,226,0,22,0,0,9.35,1,0,0,0,0,0,0,1,0
0,3,591,0,35,0,0,7.125,1,0,0,0,0,0,0,1,0
0,3,228,0,20.5,0,0,7.25,1,0,0,0,0,0,0,1,0
0,3,593,0,47,0,0,7.25,1,0,0,0,0,0,0,1,0
0,3,351,0,23,0,0,9.225,1,0,0,0,0,0,0,1,0
0,3,716,0,19,0,0,7.65,1,0,0,0,0,0,0,1,0
0,3,232,0,29,0,0,7.775,1,0,0,0,0,0,0,1,0
0,3,354,0,25,1,0,17.8,1,0,0,0,0,0,0,1,0
0,3,598,0,49,0,0,0,1,0,0,0,0,0,0,1,0
0,3,599,0,26,0,0,7.225,1,0,0,0,0,0,1,0,0
0,3,722,0,17,1,0,7.0542,1,0,0,0,0,0,0,1,0
0,3,602,0,26,0,0,7.8958,1,0,0,0,0,0,0,1,0
0,3,845,0,17,0,0,8.6625,1,0,0,0,0,0,0,1,0
0,3,604,0,44,0,0,8.05,1,0,0,0,0,0,0,1,0
0,3,726,0,20,0,0,8.6625,1,0,0,0,0,0,0,1,0
0,3,606,0,36,1,0,15.55,1,0,0,0,0,0,0,1,0
0,3,607,0,30,0,0,7.8958,1,0,0,0,0,0,0,1,0
0,3,365,0,26,1,0,15.5,1,0,0,0,0,0,0,0,1
0,3,649,0,26,0,0,7.55,1,0,0,0,0,0,0,1,0
0,3,286,0,33,0,0,8.6625,1,0,0,0,0,0,1,0,0
0,3,612,0,26,0,0,7.05,1,0,0,0,0,0,0,1,0
0,3,491,0,26,1,0,19.9667,1,0,0,0,0,0,0,1,0
0,3,492,0,21,0,0,7.25,1,0,0,0,0,0,0,1,0
0,3,776,0,18,0,0,7.75,1,0,0,0,0,0,0,1,0
0,3,617,0,34,1,1,14.4,1,0,0,0,0,0,0,1,0
0,3,254,0,30,1,0,16.1,1,0,0,0,0,0,0,1,0
0,3,621,0,27,1,0,14.4542,1,0,0,0,0,0,1,0,0
0,3,744,0,24,1,0,16.1,1,0,0,0,0,0,0,1,0
0,3,665,1,20,1,0,7.925,1,0,0,0,0,0,0,1,0
0,3,625,0,21,0,0,16.1,1,0,0,0,0,0,0,1,0
0,3,629,0,26,0,0,7.8958,1,0,0,0,0,0,0,1,0
0,3,267,0,16,4,1,39.6875,1,0,0,0,0,0,0,1,0
0,3,268,1,25,1,0,7.775,1,0,0,0,0,0,0,1,0
0,3,272,1,25,0,0,0,1,0,0,0,0,0,0,1,0
0,3,879,0,26,0,0,7.8958,1,0,0,0,0,0,0,1,0
0,3,640,0,26,1,0,16.1,1,0,0,0,0,0,0,1,0
0,3,641,0,20,0,0,7.8542,1,0,0,0,0,0,0,1,0
0,3,882,0,33,0,0,7.8958,1,0,0,0,0,0,0,1,0
0,3,644,1,26,0,0,56.4958,1,0,0,0,0,0,0,1,0
0,3,523,0,26,0,0,7.225,1,0,0,0,0,0,1,0,0
0,3,282,0,28,0,0,7.8542,1,0,0,0,0,0,0,1,0
0,3,283,0,16,0,0,9.5,1,0,0,0,0,0,0,1,0
0,3,284,1,19,0,0,8.05,1,0,0,0,0,0,0,1,0
0,3,325,0,26,8,2,69.55,1,0,0,0,0,0,0,1,0
0,3,287,1,30,0,0,9.5,1,0,0,0,0,0,0,1,0
0,3,288,0,22,0,0,7.8958,1,0,0,0,0,0,0,1,0
0,3,653,0,21,0,0,8.4333,1,0,0,0,0,0,0,1,0
0,3,452,0,26,1,0,19.9667,1,0,0,0,0,0,0,1,0
0,3,697,0,44,0,0,8.05,1,0,0,0,0,0,0,1,0
0,3,295,0,24,0,0,7.8958,1,0,0,0,0,0,0,1,0
0,3,297,0,23.5,0,0,7.2292,1,0,0,0,0,0,1,0,0
0,3,785,0,25,0,0,7.05,1,0,0,0,0,0,0,1,0
0,3,705,0,26,1,0,7.8542,1,0,0,0,0,0,0,1,0
0,3,302,1,26,2,0,23.25,1,0,0,0,0,0,0,0,1
0,3,425,0,18,1,1,20.2125,1,0,0,0,0,0,0,1,0
0,3,469,0,26,0,0,7.725,1,0,0,0,0,0,0,0,1
0,3,676,0,18,0,0,7.775,1,0,0,0,0,0,0,1,0
0,3,434,0,17,0,0,7.125,1,0,0,0,0,0,0,1,0
0,3,355,0,26,0,0,7.225,1,0,0,0,0,0,1,0,0
0,3,356,0,28,0,0,9.5,1,0,0,0,0,0,0,1,0
0,3,518,0,26,0,0,24.15,1,0,0,0,0,0,0,0,1
0,3,683,0,20,0,0,9.225,1,0,0,0,0,0,0,1,0
0,3,684,0,14,5,2,46.9,1,0,0,0,0,0,0,1,0
0,3,321,0,22,0,0,7.25,1,0,0,0,0,0,0,1,0
0,3,806,0,31,0,0,7.775,1,0,0,0,0,0,0,1,0
0,3,687,0,14,4,1,39.6875,1,0,0,0,0,0,0,1,0
0,3,688,0,19,0,0,10.1708,1,0,0,0,0,0,0,1,0
0,3,647,0,19,0,0,7.8958,1,0,0,0,0,0,0,1,0
0,3,891,0,32,0,0,7.75,1,0,0,0,0,0,0,0,1
0,3,327,0,61,0,0,6.2375,1,0,0,0,0,0,0,1,0
0,3,693,1,26,0,0,56.4958,1,0,0,0,0,0,0,1,0
0,3,694,0,25,0,0,7.225,1,0,0,0,0,0,1,0,0
0,3,411,0,26,0,0,7.8958,1,0,0,0,0,0,0,1,0
0,3,736,0,28.5,0,0,16.1,1,0,0,0,0,0,0,1,0
0,3,615,0,35,0,0,8.05,1,0,0,0,0,0,0,1,0
0,3,334,0,16,2,0,18,1,0,0,0,0,0,0,1,0
0,3,336,0,26,0,0,7.8958,1,0,0,0,0,0,0,1,0
0,3,460,0,26,0,0,7.75,1,0,0,0,0,0,0,0,1
0,3,585,0,26,0,0,8.7125,1,0,0,0,0,0,1,0,0
0,3,829,1,26,0,0,7.75,1,0,0,0,0,0,0,0,1
0,3,466,0,38,0,0,7.05,1,0,0,0,0,0,0,1,0
0,3,834,0,23,0,0,7.8542,1,0,0,0,0,0,0,1,0
0,3,350,0,42,0,0,8.6625,1,0,0,0,0,0,0,1,0
0,3,472,0,38,0,0,8.6625,1,0,0,0,0,0,0,1,0
0,3,837,0,21,0,0,8.6625,1,0,0,0,0,0,0,1,0
0,3,353,0,15,1,1,7.2292,1,0,0,0,0,0,1,0,0
0,3,596,0,36,1,1,24.15,1,0,0,0,0,0,0,1,0
0,3,651,0,26,0,0,7.8958,1,0,0,0,0,0,0,1,0
0,3,720,0,33,0,0,7.775,1,0,0,0,0,0,0,1,0
0,3,719,0,26,0,0,15.5,1,0,0,0,0,0,0,0,1
0,3,361,0,40,1,4,27.9,1,0,0,0,0,0,0,1,0
0,3,847,0,26,8,2,69.55,1,0,0,0,0,0,0,1,0
0,3,364,0,35,0,0,7.05,1,0,0,0,0,0,0,1,0
0,3,445,1,26,0,0,8.1125,1,0,0,0,0,0,0,1,0
0,3,567,0,19,0,0,7.8958,1,0,0,0,0,0,0,1,0
0,3,407,0,51,0,0,7.75,1,0,0,0,0,0,0,1,0
0,3,771,0,24,0,0,9.5,1,0,0,0,0,0,0,1,0
0,3,422,0,21,0,0,7.7333,1,0,0,0,0,0,0,0,1
0,3,774,0,26,0,0,7.225,1,0,0,0,0,0,1,0,0
0,3,815,0,30.5,0,0,8.05,1,0,0,0,0,0,0,1,0
0,3,495,0,21,0,0,8.05,1,0,0,0,0,0,0,1,0
0,3,860,0,26,0,0,7.2292,1,0,0,0,0,0,1,0,0
0,3,822,1,27,0,0,8.6625,1,0,0,0,0,0,0,1,0
0,3,569,0,26,0,0,7.2292,1,0,0,0,0,0,1,0,0
0,3,561,0,26,0,0,7.75,1,0,0,0,0,0,0,0,1
0,3,401,1,39,0,0,7.925,1,0,0,0,0,0,0,1,0
0,3,753,0,33,0,0,9.5,1,0,0,0,0,0,0,1,0
0,3,835,0,18,0,0,8.3,1,0,0,0,0,0,0,1,0
0,3,757,0,28,0,0,7.7958,1,0,0,0,0,0,0,1,0
0,3,689,0,18,0,0,7.7958,1,0,0,0,0,0,0,1,0
0,3,575,0,16,0,0,8.05,1,0,0,0,0,0,0,1,0
0,3,525,0,26,0,0,7.2292,1,0,0,0,0,0,1,0,0
0,3,511,1,29,0,0,7.75,1,0,0,0,0,0,0,0,1
0,3,566,0,24,2,0,24.15,1,0,0,0,0,0,0,1,0
0,3,841,0,20,0,0,7.925,1,0,0,0,0,0,0,1,0
0,3,826,0,26,0,0,6.95,1,0,0,0,0,0,0,0,1
0,3,779,0,26,0,0,7.7375,1,0,0,0,0,0,0,0,1
0,3,819,0,43,0,0,6.45,1,0,0,0,0,0,0,1,0
0,3,844,0,34.5,0,0,6.4375,1,0,0,0,0,0,1,0,0
0,3,554,1,22,0,0,7.225,1,0,0,0,0,0,1,0,0
0,3,700,0,42,0,0,7.65,1,0,0,0,0,0,0,1,0
0,3,590,0,26,0,0,8.05,1,0,0,0,0,0,0,1,0
0,3,786,0,25,0,0,7.25,1,0,0,0,0,0,0,1,0
0,3,805,1,27,0,0,6.975,1,0,0,0,0,0,0,1,0
0,3,714,0,29,0,0,9.4833,1,0,0,0,0,0,0,1,0
0,3,833,0,26,0,0,7.2292,1,0,0,0,0,0,1,0,0
0,3,874,0,47,0,0,9,1,0,0,0,0,0,0,1,0
0,3,553,0,26,0,0,7.8292,1,0,0,0,0,0,0,0,1
0,3,442,0,20,0,0,9.5,1,0,0,0,0,0,0,1,0
0,3,632,0,51,0,0,7.0542,1,0,0,0,0,0,0,1,0
0,3,765,0,16,0,0,7.775,1,0,0,0,0,0,0,1,0
0,3,496,0,26,0,0,14.4583,1,0,0,0,0,0,1,0,0
0,3,455,0,26,0,0,8.05,1,0,0,0,0,0,0,1,0
0,3,562,0,40,0,0,7.8958,1,0,0,0,0,0,0,1,0
0,3,522,0,22,0,0,7.8958,1,0,0,0,0,0,0,1,0
1,1,709,1,22,0,0,151.55,0,0,1,0,0,0,0,1,0
1,1,307,1,30,0,0,110.8833,0,0,1,0,0,0,1,0,0
1,1,276,1,63,1,0,77.9583,0,0,1,0,0,0,0,1,0
1,1,642,1,24,0,0,69.3,0,0,1,0,0,0,1,0,0
1,1,586,1,18,0,2,79.65,0,0,1,0,0,0,0,1,0
1,1,178,0,50,0,0,28.7125,0,0,1,0,0,0,1,0,0
1,1,717,1,38,0,0,227.525,0,0,1,0,0,0,1,0,0
1,1,711,1,24,0,0,49.5042,0,0,1,0,0,0,1,0,0
1,1,196,1,58,0,0,146.5208,0,0,1,0,0,0,1,0,0
1,1,62,1,38,0,0,80,0,0,1,0,0,0,0,1,0
1,1,854,1,16,0,1,39.4,0,0,1,0,0,0,0,1,0
1,1,540,1,22,0,2,49.5,0,0,1,0,0,0,1,0,0
1,1,538,1,30,0,0,106.425,0,0,1,0,0,0,1,0,0
1,1,381,1,42,0,0,227.525,0,0,1,0,0,0,1,0,0
1,1,259,1,35,0,0,512.3292,0,0,1,0,0,0,1,0,0
1,1,505,1,16,0,0,86.5,0,0,1,0,0,0,0,1,0
1,1,628,1,21,0,0,77.9583,0,0,1,0,0,0,0,1,0
1,1,394,1,23,1,0,113.275,0,0,1,0,0,0,1,0,0
1,1,836,1,39,1,1,83.1583,0,0,1,0,0,0,1,0,0
1,1,436,1,14,1,2,120,0,0,1,0,0,0,0,1,0
1,1,312,1,18,2,2,262.375,0,0,1,0,0,0,1,0,0
1,1,413,1,33,1,0,90,0,0,1,0,0,0,0,0,1
1,1,357,1,22,0,1,55,0,0,1,0,0,0,0,1,0
1,1,258,1,30,0,0,86.5,0,0,1,0,0,0,0,1,0
1,1,291,1,26,0,0,78.85,0,0,1,0,0,0,0,1,0
1,1,219,1,32,0,0,76.2917,0,0,1,0,0,0,1,0,0
1,1,843,1,30,0,0,31,0,0,1,0,0,0,1,0,0
1,1,690,1,15,0,1,211.3375,0,0,1,0,0,0,0,1,0
1,1,338,1,41,0,0,134.5,0,0,1,0,0,0,1,0,0
1,1,731,1,29,0,0,211.3375,0,0,1,0,0,0,0,1,0
1,1,342,1,24,3,2,263,0,0,1,0,0,0,0,1,0
1,1,137,1,19,0,2,26.2833,0,0,1,0,0,0,0,1,0
1,1,610,1,40,0,0,153.4625,0,0,1,0,0,0,0,1,0
1,1,319,1,31,0,2,164.8667,0,0,1,0,0,0,0,1,0
1,1,326,1,36,0,0,135.6333,0,0,1,0,0,0,1,0,0
1,1,298,0,2,1,2,151.55,0,0,1,0,0,0,0,1,0
1,1,743,1,21,2,2,262.375,0,0,1,0,0,0,1,0,0
1,1,541,1,36,0,2,71,0,0,1,0,0,0,0,1,0
1,1,888,1,19,0,0,30,0,0,1,0,0,0,0,1,0
1,1,270,1,35,0,0,135.6333,0,0,1,0,0,0,0,1,0
1,1,89,1,23,3,2,263,0,0,1,0,0,0,0,1,0
1,1,311,1,24,0,0,83.1583,0,0,1,0,0,0,1,0,0
1,1,310,1,30,0,0,56.9292,0,0,1,0,0,0,1,0,0
1,1,216,1,31,1,0,113.275,0,0,1,0,0,0,1,0,0
1,1,497,1,54,1,0,78.2667,0,0,1,0,0,0,1,0,0
1,1,330,1,16,0,1,57.9792,0,0,1,0,0,0,1,0,0
1,1,12,1,58,0,0,26.55,0,0,1,0,0,0,0,1,0
1,1,521,1,30,0,0,93.5,0,0,1,0,0,0,0,1,0
1,1,167,1,45,0,1,55,0,1,0,0,0,0,0,1,0
1,1,872,1,47,1,1,52.5542,0,1,0,0,0,0,0,1,0
1,1,670,1,45,1,0,52,0,1,0,0,0,0,0,1,0
1,1,308,1,17,1,0,108.9,0,1,0,0,0,0,1,0,0
1,1,764,1,36,1,2,120,0,1,0,0,0,0,0,1,0
1,1,830,1,62,0,0,80,0,1,0,0,0,0,0,1,0
1,1,32,1,45,1,0,146.5208,0,1,0,0,0,0,1,0,0
1,1,300,1,50,0,1,247.5208,0,1,0,0,0,0,1,0,0
1,1,384,1,35,1,0,52,0,1,0,0,0,0,0,1,0
1,1,195,1,44,0,0,27.7208,0,1,0,0,0,0,1,0,0
1,1,257,1,45,0,0,79.2,0,1,0,0,0,0,1,0,0
1,1,572,1,53,2,0,51.4792,0,1,0,0,0,0,0,1,0
1,1,292,1,19,1,0,91.0792,0,1,0,0,0,0,1,0,0
1,1,880,1,56,0,1,83.1583,0,1,0,0,0,0,1,0,0
1,1,701,1,18,1,0,227.525,0,1,0,0,0,0,1,0,0
1,1,559,1,39,1,1,79.65,0,1,0,0,0,0,0,1,0
1,1,370,1,24,0,0,69.3,0,1,0,0,0,0,1,0,0
1,1,367,1,60,1,0,75.25,0,1,0,0,0,0,1,0,0
1,1,152,1,22,1,0,66.6,0,1,0,0,0,0,0,1,0
1,1,582,1,39,1,1,110.8833,0,1,0,0,0,0,1,0,0
1,1,863,1,48,0,0,25.9292,0,1,0,0,0,0,0,1,0
1,1,4,1,35,1,0,53.1,0,1,0,0,0,0,0,1,0
1,1,810,1,33,1,0,53.1,0,1,0,0,0,0,0,1,0
1,1,857,1,45,1,1,164.8667,0,1,0,0,0,0,0,1,0
1,1,2,1,38,1,0,71.2833,0,1,0,0,0,0,1,0,0
1,1,850,1,45,1,0,89.1042,0,1,0,0,0,0,1,0,0
1,1,499,0,25,1,2,151.55,0,1,0,0,0,0,0,1,0
1,1,458,1,45,1,0,51.8625,0,1,0,0,0,0,0,1,0
1,1,231,1,35,1,0,83.475,0,1,0,0,0,0,0,1,0
1,1,524,1,44,0,1,57.9792,0,1,0,0,0,0,1,0,0
1,1,487,1,35,1,0,90,0,1,0,0,0,0,0,1,0
1,1,514,1,54,1,0,59.4,0,1,0,0,0,0,1,0,0
1,1,53,1,49,1,0,76.7292,0,1,0,0,0,0,1,0,0
1,1,578,1,39,1,0,55.9,0,1,0,0,0,0,0,1,0
1,1,782,1,17,1,0,57,0,1,0,0,0,0,0,1,0
1,1,320,1,40,1,1,134.5,0,1,0,0,0,0,1,0,0
1,1,335,1,45,1,0,133.65,0,1,0,0,0,0,0,1,0
1,1,766,1,51,1,0,77.9583,0,1,0,0,0,0,0,1,0
1,1,592,1,52,1,0,78.2667,0,1,0,0,0,0,1,0,0
1,1,821,1,52,1,1,93.5,0,1,0,0,0,0,0,1,0
1,1,269,1,58,0,1,153.4625,0,1,0,0,0,0,0,1,0
1,1,780,1,43,0,1,211.3375,0,1,0,0,0,0,0,1,0
1,1,376,1,45,1,0,82.1708,0,1,0,0,0,0,1,0,0
1,1,797,1,49,0,0,25.9292,0,0,0,0,0,1,0,1,0
1,1,557,1,48,1,0,39.6,0,0,0,0,1,0,1,0,0
1,1,760,1,33,0,0,86.5,0,0,0,0,1,0,0,1,0
1,2,748,1,30,0,0,13,0,0,1,0,0,0,0,1,0
1,2,867,1,27,1,0,13.8583,0,0,1,0,0,0,1,0,0
1,2,124,1,32.5,0,0,13,0,0,1,0,0,0,0,1,0
1,2,619,1,4,2,1,39,0,0,1,0,0,0,0,1,0
1,2,358,0,38,0,0,13,0,0,1,0,0,0,0,1,0
1,2,597,1,20,0,0,33,0,0,1,0,0,0,0,1,0
1,2,428,1,19,0,0,26,0,0,1,0,0,0,0,1,0
1,2,718,1,27,0,0,10.5,0,0,1,0,0,0,0,1,0
1,2,577,1,34,0,0,13,0,0,1,0,0,0,0,1,0
1,2,57,1,21,0,0,10.5,0,0,1,0,0,0,0,1,0
1,2,390,1,17,0,0,12,0,0,1,0,0,0,1,0,0
1,2,44,1,3,1,2,41.5792,0,0,1,0,0,0,1,0,0
1,2,347,1,40,0,0,13,0,0,1,0,0,0,0,1,0
1,2,751,1,4,1,1,23,0,0,1,0,0,0,0,1,0
1,2,527,1,50,0,0,10.5,0,0,1,0,0,0,0,1,0
1,2,200,0,24,0,0,13,0,0,1,0,0,0,0,1,0
1,2,536,1,7,0,2,26.25,0,0,1,0,0,0,0,1,0
1,2,447,1,13,0,1,19.5,0,0,1,0,0,0,0,1,0
1,2,636,1,28,0,0,13,0,0,1,0,0,0,0,1,0
1,2,721,1,6,0,1,33,0,0,1,0,0,0,0,1,0
1,2,238,1,8,0,2,26.25,0,0,1,0,0,0,0,1,0
1,2,346,1,24,0,0,13,0,0,1,0,0,0,0,1,0
1,2,59,1,5,1,2,27.75,0,0,1,0,0,0,0,1,0
1,2,388,1,36,0,0,13,0,0,1,0,0,0,0,1,0
1,2,212,1,35,0,0,21,0,0,1,0,0,0,0,1,0
1,2,323,1,30,0,0,12.35,0,0,1,0,0,0,0,0,1
1,2,531,1,2,1,1,26,0,0,1,0,0,0,0,1,0
1,2,85,1,17,0,0,10.5,0,0,1,0,0,0,0,1,0
1,2,652,1,18,0,1,23,0,0,1,0,0,0,0,1,0
1,2,616,1,24,1,2,65,0,0,1,0,0,0,0,1,0
1,2,304,1,20,0,0,12.35,0,0,1,0,0,0,0,0,1
1,2,418,1,18,0,2,13,0,0,1,0,0,0,0,1,0
1,2,459,1,50,0,0,10.5,0,0,1,0,0,0,0,1,0
1,2,581,1,25,1,1,30,0,0,1,0,0,0,0,1,0
1,2,260,1,50,0,1,26,0,1,0,0,0,0,0,1,0
1,2,507,1,33,0,2,26,0,1,0,0,0,0,0,1,0
1,2,99,1,34,0,1,23,0,1,0,0,0,0,0,1,0
1,2,317,1,24,1,0,26,0,1,0,0,0,0,0,1,0
1,2,427,1,28,1,0,26,0,1,0,0,0,0,0,1,0
1,2,547,1,19,1,0,26,0,1,0,0,0,0,0,1,0
1,2,707,1,45,0,0,13.5,0,1,0,0,0,0,0,1,0
1,2,802,1,31,1,1,26.25,0,1,0,0,0,0,0,1,0
1,2,473,1,33,1,2,27.75,0,1,0,0,0,0,0,1,0
1,2,773,0,57,0,0,10.5,0,1,0,0,0,0,0,1,0
1,2,519,1,36,1,0,26,0,1,0,0,0,0,0,1,0
1,2,671,1,40,1,1,39,0,1,0,0,0,0,0,1,0
1,2,517,1,34,0,0,10.5,0,1,0,0,0,0,0,1,0
1,2,866,1,42,0,0,13,0,1,0,0,0,0,0,1,0
1,2,444,1,28,0,0,13,0,1,0,0,0,0,0,1,0
1,2,601,1,24,2,1,27,0,1,0,0,0,0,0,1,0
1,2,775,1,54,1,3,23,0,1,0,0,0,0,0,1,0
1,2,855,0,44,1,0,26,0,1,0,0,0,0,0,1,0
1,2,433,1,42,1,0,26,0,1,0,0,0,0,0,1,0
1,2,313,0,26,1,1,26,0,1,0,0,0,0,0,1,0
1,2,324,1,22,1,1,29,0,1,0,0,0,0,0,1,0
1,2,191,1,32,0,0,13,0,1,0,0,0,0,0,1,0
1,2,875,1,28,1,0,24,0,1,0,0,0,0,1,0,0
1,2,881,1,25,0,1,26,0,1,0,0,0,0,0,1,0
1,2,438,1,24,2,3,18.75,0,1,0,0,0,0,0,1,0
1,2,328,1,36,0,0,13,0,1,0,0,0,0,0,1,0
1,2,16,1,55,0,0,16,0,1,0,0,0,0,0,1,0
1,2,727,1,30,3,0,21,0,1,0,0,0,0,0,1,0
1,2,417,1,34,1,1,32.5,0,1,0,0,0,0,0,1,0
1,2,42,0,27,1,0,21,0,1,0,0,0,0,0,1,0
1,2,755,1,48,1,2,65,0,1,0,0,0,0,0,1,0
1,2,441,1,45,1,1,26.25,0,1,0,0,0,0,0,1,0
1,2,474,1,23,0,0,13.7917,0,1,0,0,0,0,1,0,0
1,2,273,1,41,0,1,19.5,0,1,0,0,0,0,0,1,0
1,2,54,1,29,1,0,26,0,1,0,0,0,0,0,1,0
1,2,248,1,24,0,2,14.5,0,1,0,0,0,0,0,1,0
1,2,10,1,14,1,0,30.0708,0,1,0,0,0,0,1,0,0
1,2,134,1,29,1,0,26,0,1,0,0,0,0,0,1,0
1,2,609,1,22,1,2,41.5792,0,1,0,0,0,0,1,0,0
1,2,162,1,40,0,0,15.75,0,1,0,0,0,0,0,1,0
1,2,400,1,28,0,0,12.65,0,1,0,0,0,0,0,1,0
1,2,67,1,29,0,0,10.5,0,1,0,0,0,0,0,1,0
1,3,817,0,23,0,0,7.925,0,0,1,0,0,0,0,1,0
1,3,185,1,4,0,2,22.025,0,0,1,0,0,0,0,1,0
1,3,359,1,18,0,0,7.8792,0,0,1,0,0,0,0,0,1
1,3,23,1,15,0,0,8.0292,0,0,1,0,0,0,0,0,1
1,3,535,0,30,0,0,8.6625,0,0,1,0,0,0,0,1,0
1,3,301,1,18,0,0,7.75,0,0,1,0,0,0,0,0,1
1,3,360,1,18,0,0,7.8792,0,0,1,0,0,0,0,0,1
1,3,72,0,16,5,2,46.9,0,0,1,0,0,0,0,1,0
1,3,129,1,18,1,1,22.3583,0,0,1,0,0,0,1,0,0
1,3,275,1,18,0,0,7.75,0,0,1,0,0,0,0,0,1
1,3,382,1,1,0,2,15.7417,0,0,1,0,0,0,1,0,0
1,3,206,0,2,0,1,10.4625,0,0,1,0,0,0,0,1,0
1,3,655,0,18,0,0,6.75,0,0,1,0,0,0,0,0,1
1,3,437,0,21,2,2,34.375,0,0,1,0,0,0,0,1,0
1,3,486,0,18,3,1,25.4667,0,0,1,0,0,0,0,1,0
1,3,504,0,37,0,0,9.5875,0,0,1,0,0,0,0,1,0
1,3,101,0,28,0,0,7.8958,0,0,1,0,0,0,0,1,0
1,3,420,0,10,0,2,24.15,0,0,1,0,0,0,0,1,0
1,3,883,0,22,0,0,10.5167,0,0,1,0,0,0,0,1,0
1,3,114,0,20,1,0,9.825,0,0,1,0,0,0,0,1,0
1,3,876,1,15,0,0,7.225,0,0,1,0,0,0,1,0,0
1,3,115,0,17,0,0,14.4583,0,0,1,0,0,0,1,0,0
1,3,369,1,18,0,0,7.75,0,0,1,0,0,0,0,0,1
1,3,112,0,14.5,1,0,14.4542,0,0,1,0,0,0,1,0,0
1,3,475,0,22,0,0,9.8375,0,0,1,0,0,0,0,1,0
1,3,265,0,18,0,0,7.75,0,0,1,0,0,0,0,0,1
1,3,681,0,18,0,0,8.1375,0,0,1,0,0,0,0,0,1
1,3,574,1,18,0,0,7.75,0,0,1,0,0,0,0,0,1
1,3,290,1,22,0,0,7.75,0,0,1,0,0,0,0,0,1
1,3,3,1,26,0,0,7.925,0,0,1,0,0,0,0,1,0
1,3,768,0,30.5,0,0,7.75,0,0,1,0,0,0,0,0,1
1,3,814,0,6,4,2,31.275,0,0,1,0,0,0,0,1,0
1,3,853,0,9,1,1,15.2458,0,0,1,0,0,0,1,0,0
1,3,778,1,5,0,0,12.475,0,0,1,0,0,0,0,1,0
1,3,142,1,22,0,0,7.75,0,0,1,0,0,0,0,1,0
1,3,33,1,18,0,0,7.75,0,0,1,0,0,0,0,0,1
1,3,793,0,18,8,2,69.55,0,0,1,0,0,0,0,1,0
1,3,635,0,9,3,2,27.9,0,0,1,0,0,0,0,1,0
1,3,542,0,9,4,2,31.275,0,0,1,0,0,0,0,1,0
1,3,15,0,14,0,0,7.8542,0,0,1,0,0,0,0,1,0
1,3,703,0,18,0,1,14.4542,0,0,1,0,0,0,1,0,0
1,3,236,0,18,0,0,7.55,0,0,1,0,0,0,0,1,0
1,3,217,1,27,0,0,7.925,0,0,1,0,0,0,0,1,0
1,3,480,1,2,0,1,12.2875,0,0,1,0,0,0,0,1,0
1,3,80,1,30,0,0,12.475,0,0,1,0,0,0,0,1,0
1,3,277,0,45,0,0,7.75,0,0,1,0,0,0,0,1,0
1,3,543,0,11,4,2,31.275,0,0,1,0,0,0,0,1,0
1,3,69,1,17,4,2,7.925,0,0,1,0,0,0,0,1,0
1,3,110,1,18,1,0,24.15,0,0,1,0,0,0,0,0,1
1,3,678,1,18,0,0,9.8417,0,0,1,0,0,0,0,1,0
1,3,613,1,18,1,0,15.5,0,0,1,0,0,0,0,0,1
1,3,555,1,22,0,0,7.775,0,0,1,0,0,0,0,1,0
1,3,209,1,16,0,0,7.75,0,0,1,0,0,0,0,0,1
1,3,48,1,18,0,0,7.75,0,0,1,0,0,0,0,0,1
1,3,181,0,18,8,2,69.55,0,0,1,0,0,0,0,1,0
1,3,242,1,18,1,0,15.5,0,0,1,0,0,0,0,0,1
1,3,405,0,20,0,0,8.6625,0,0,1,0,0,0,0,1,0
1,3,83,1,18,0,0,7.7875,0,0,1,0,0,0,0,0,1
1,3,247,0,25,0,0,7.775,0,0,1,0,0,0,0,1,0
1,3,45,1,19,0,0,7.8792,0,0,1,0,0,0,0,0,1
1,3,193,1,19,1,0,7.8542,0,0,1,0,0,0,0,1,0
1,3,234,1,5,4,2,31.3875,0,0,1,0,0,0,0,1,0
1,3,316,1,26,0,0,7.8542,0,0,1,0,0,0,0,1,0
1,3,397,0,31,0,0,7.8542,0,0,1,0,0,0,0,1,0
1,3,730,0,25,1,0,7.925,0,0,1,0,0,0,0,1,0
1,3,11,1,4,1,1,16.7,0,0,1,0,0,0,0,1,0
1,3,864,0,18,8,2,69.55,0,0,1,0,0,0,0,1,0
1,3,502,0,21,0,0,7.75,0,0,1,0,0,0,0,0,1
1,3,503,0,18,0,0,7.6292,0,0,1,0,0,0,0,0,1
1,3,449,1,5,2,1,19.2583,0,0,1,0,0,0,1,0,0
1,3,650,1,23,0,0,7.55,0,0,1,0,0,0,0,1,0
1,3,410,0,18,3,1,25.4667,0,0,1,0,0,0,0,1,0
1,3,643,0,2,3,2,27.9,0,0,1,0,0,0,0,1,0
1,3,808,0,18,0,0,7.775,0,0,1,0,0,0,0,1,0
1,3,230,0,18,3,1,25.4667,0,0,1,0,0,0,0,1,0
1,3,107,1,21,0,0,7.65,0,0,1,0,0,0,0,1,0
1,3,594,0,18,0,2,7.75,0,0,1,0,0,0,0,0,1
1,3,29,1,18,0,0,7.8792,0,0,1,0,0,0,0,0,1
1,3,787,1,18,0,0,7.4958,0,0,1,0,0,0,0,1,0
1,3,120,0,2,4,2,31.275,0,0,1,0,0,0,0,1,0
1,3,331,1,18,2,0,23.25,0,0,1,0,0,0,0,0,1
1,3,654,1,18,0,0,7.8292,0,0,1,0,0,0,0,0,1
1,3,565,0,18,0,0,8.05,0,0,1,0,0,0,0,1,0
1,3,692,1,4,0,1,13.4167,0,0,1,0,0,0,1,0,0
1,3,40,1,14,1,0,11.2417,0,0,1,0,0,0,1,0,0
1,3,728,1,18,0,0,7.7375,0,0,1,0,0,0,0,0,1
1,3,173,1,1,1,1,11.1333,0,0,1,0,0,0,0,1,0
1,3,377,1,22,0,0,7.25,0,0,1,0,0,0,0,1,0
1,3,781,1,13,0,0,7.2292,0,0,1,0,0,0,1,0,0
1,3,889,0,18,1,2,23.45,0,0,1,0,0,0,0,1,0
1,3,39,0,18,2,0,18,0,0,1,0,0,0,0,1,0
1,3,470,1,0.75,2,1,19.2583,0,0,1,0,0,0,1,0,0
1,3,241,0,18,1,0,14.4542,0,0,1,0,0,0,1,0,0
1,3,148,0,9,2,2,34.375,0,0,1,0,0,0,0,1,0
1,3,403,0,21,1,0,9.825,0,0,1,0,0,0,0,1,0
1,3,375,0,3,3,1,21.075,0,0,1,0,0,0,0,1,0
1,3,25,0,8,3,1,21.075,0,0,1,0,0,0,0,1,0
1,3,199,1,18,0,0,7.75,0,0,1,0,0,0,0,0,1
1,3,294,0,24,0,0,8.85,0,0,1,0,0,0,0,1,0
1,3,698,1,18,0,0,7.7333,0,0,1,0,0,0,0,0,1
1,3,645,1,0.75,2,1,19.2583,0,0,1,0,0,0,1,0,0
1,3,157,1,16,0,0,7.7333,0,0,1,0,0,0,0,0,1
1,3,19,0,31,1,0,18,0,1,0,0,0,0,0,1,0
1,3,143,1,24,1,0,15.85,0,1,0,0,0,0,0,1,0
1,3,560,1,36,1,0,17.4,0,1,0,0,0,0,0,1,0
1,3,831,1,15,1,0,14.4542,0,1,0,0,0,0,1,0,0
1,3,141,0,31,0,2,15.2458,0,1,0,0,0,0,1,0,0
1,3,856,1,18,0,1,9.35,0,1,0,0,0,0,0,1,0
1,3,50,0,18,1,0,17.8,0,1,0,0,0,0,0,1,0
1,3,579,0,31,1,0,14.4583,0,1,0,0,0,0,1,0,0
1,3,886,0,39,0,5,29.125,0,1,0,0,0,0,0,0,1
1,3,679,0,43,1,6,46.9,0,1,0,0,0,0,0,1,0
1,3,639,0,41,0,5,39.6875,0,1,0,0,0,0,0,1,0
1,3,168,0,45,1,4,27.9,0,1,0,0,0,0,0,1,0
1,3,20,1,31,0,0,7.225,0,1,0,0,0,0,1,0,0
1,3,534,1,31,0,2,22.3583,0,1,0,0,0,0,1,0,0
1,3,800,0,30,1,1,24.15,0,1,0,0,0,0,0,1,0
1,3,824,1,27,0,1,12.475,0,1,0,0,0,0,0,1,0
1,3,187,1,31,1,0,15.5,0,1,0,0,0,0,0,0,1
1,3,424,0,28,1,1,14.4,0,1,0,0,0,0,0,1,0
1,3,798,1,31,0,0,8.6833,0,1,0,0,0,0,0,1,0
1,3,416,0,31,0,0,8.05,0,1,0,0,0,0,0,1,0
1,3,133,0,47,1,0,14.5,0,1,0,0,0,0,0,1,0
1,3,252,0,29,1,1,10.4625,0,1,0,0,0,0,0,1,0
1,3,432,1,31,1,0,16.1,0,1,0,0,0,0,0,1,0
1,3,348,1,31,1,0,16.1,0,1,0,0,0,0,0,1,0
1,3,395,1,24,0,2,16.7,0,1,0,0,0,0,0,1,0
1,3,86,1,33,3,0,15.85,0,1,0,0,0,0,0,1,0
1,3,611,0,39,1,5,31.275,0,1,0,0,0,0,0,1,0
1,3,280,1,35,1,1,20.25,0,1,0,0,0,0,0,1,0
1,3,256,1,29,0,2,15.2458,0,1,0,0,0,0,1,0,0
1,3,568,0,29,0,4,21.075,0,1,0,0,0,0,0,1,0
1,3,484,1,63,0,0,9.5875,0,1,0,0,0,0,0,1,0
1,3,329,1,31,1,1,20.525,0,1,0,0,0,0,0,1,0
1,3,363,0,45,0,1,14.4542,0,1,0,0,0,0,1,0,0
1,3,41,0,40,1,0,9.475,0,1,0,0,0,0,0,1,0
1,3,368,1,31,0,0,7.2292,0,1,0,0,0,0,1,0,0
1,3,737,0,48,1,3,34.375,0,1,0,0,0,0,0,1,0
1,3,9,1,27,0,2,11.1333,0,1,0,0,0,0,0,1,0
1,3,255,0,41,0,2,20.2125,0,1,0,0,0,0,0,1,0
1,3,859,1,24,0,3,19.2583,0,1,0,0,0,0,1,0,0
1,3,658,0,32,1,1,15.5,0,1,0,0,0,0,0,0,1
1,3,26,1,38,1,5,31.3875,0,1,0,0,0,0,0,1,0
1,3,618,0,26,1,0,16.1,0,1,0,0,0,0,0,1,0
